sheet,column,gap_status,confidence,candidate_current_tables,candidate_any_schema,rationale
Item Body,Sno,FILLABLE_FROM_CURRENT_ERP_TABLES,HIGH,Master_MasterCodes_Table.VoucherLineNo; Master_RegistrationDetails_Table.VoucherLineNo; Master_Table.VoucherLineNo; Transaction_Header_Table.VoucherLineNo; Transaction_ItemBody_Table.VoucherLineNo; Transaction_Payments_Table.VoucherLineNo,OpeningUnClearedCheques.Sno; recbleforemail.Sno; Sheet$.S No; StockBalances2023.S No; StockBalances2023.SNO; temp_adjbills.SNO; temp_adjbillspay.SNO; temp_bcd_table.Sno; TempAllocatedDetailsBody_Table.Sno; tempsproduct.Sno; AcadamicYearDetails_Table.VoucherLineNo; Account_AccountGroup_Table.VoucherLineNo,Exact/alias match exists in currently integrated ERP tables.
Item Body,rid,FILLABLE_FROM_CURRENT_ERP_TABLES,HIGH,Transaction_ItemBody_Table.RID; Transaction_Payments_Table.rid,AssetStockLedger_Table.RID; BillWiseBalances2020.Rid; billwiseOpeningBalances.Rid; ConsumablesIssuebody_table.RID; deleteddutydrawback.RID; DeliveryPackingListDetails_Table.Rid; Diagnos_DiagnosticTestResults_Table.RID; Diagnos_InvestigationReceiptDetails_Table.RID; FeeReceivableDetails_table.rid; FillingStationCreditBill_Body_Table.rid; FillingStationSummaryBill_Body_Table.Rid; InspectionServiceCall_MachineDetails_Table.rid,Exact/alias match exists in currently integrated ERP tables.
Item Body,tvrid,FILLABLE_FROM_CURRENT_ERP_TABLES,HIGH,Transaction_ItemBody_Table.TVRID,ConsumablesIssuebody_table.TVRID; DeliveryPackingListDetails_Table.TVRid; Diagnos_DiagnosticTestResults_Table.TVRID; Diagnos_InvestigationReceiptDetails_Table.TVRID; FeeReceivedDetails_table.tvrid; FillingStationSummaryBill_Body_Table.tvrid; InspectionServiceCall_MachineDetails_Table.tvrid; IssuestoProduction_ItemBody_Table.TVRID; PackingDetails_ItemBody_Table.TVRid; PreviousYear_POSSales_Table.TVRID; TailorOrderAllocationOrDeliveryDetails_Table.TVrid; TempAllocatedDetailsBody_Table.TVRid,Exact/alias match exists in currently integrated ERP tables.
Item Body,MRVNo,REQUIRES_NEW_FIELD_OR_TABLE,LOW,,,No exact/alias match in script.sql columns.
Item Body,Mfg Date,FILLABLE_WITH_SCHEMA_EXTENSIONS,MEDIUM,,PackingSlip_ItemBody_Table.MfgDate,Match exists in script.sql but outside current connector table scope.
Item Body,Exp Date,REQUIRES_NEW_FIELD_OR_TABLE,LOW,,,No exact/alias match in script.sql columns.
Item Body,Actual Qty,FILLABLE_FROM_CURRENT_ERP_TABLES,HIGH,Transaction_ItemBody_Table.Quantity,ApparelPhysicalStockUpdate_ItemBody_Table.Quantity; AssetAllotmentDetails_Table.Quantity; Assets_ComponentDetails_Table.Quantity; Assets_PuttoUseDetails_Table.quantity; AssetSale_ItemBody_Table.Quantity; DeliveryPackingListDetails_Table.Quantity; FillingStationCreditBill_Body_Table.Quantity; FillingStationSummaryBill_Body_Table.Quantity; InspectionServiceCall_MachineDetails_Table.Quantity; IssuestoProduction_ItemBody_Table.Quantity; LastYearInformation_Body_Table.Quantity; PreviousYear_POSSales_Table.Quantity,Exact/alias match exists in currently integrated ERP tables.
Item Body,Pending Qty,REQUIRES_NEW_FIELD_OR_TABLE,LOW,,,No exact/alias match in script.sql columns.
Item Body,Packages,FILLABLE_FROM_CURRENT_ERP_TABLES,HIGH,Transaction_ItemBody_Table.Packages,PreviousYear_POSSales_Table.Packages; Transaction_ItemBody_Table.Packages; Transaction_ItemBody1_Table.Packages; Transaction_ReturnItemBody_Table.Packages; Tripsheet_ItemDetails_Table.Packages; UnloadingSheet_ItemDetails_Table.Packages,Exact/alias match exists in currently integrated ERP tables.
Item Body,Free Product,FILLABLE_FROM_CURRENT_ERP_TABLES,HIGH,Transaction_ItemBody_Table.FreeProduct,PreviousYear_POSSales_Table.FreeProduct; Product_Schemes_Table.FreeProduct; ProductSchemes_BenefitsBody_Table.FreeProduct; Retail_Schemes_Table.FreeProduct; Transaction_ItemBody_Table.FreeProduct; Transaction_ItemBody1_Table.FreeProduct; Transaction_ReturnItemBody_Table.FreeProduct,Exact/alias match exists in currently integrated ERP tables.
Item Body,Free Qty,FILLABLE_FROM_CURRENT_ERP_TABLES,HIGH,Transaction_ItemBody_Table.FreeQty,PreviousYear_POSSales_Table.FreeQty; Product_Schemes_Table.FreeQty; ProductSchemes_BenefitsBody_Table.FreeQty; Retail_Schemes_Table.FreeQty; Transaction_ItemBody_Table.FreeQty; Transaction_ItemBody1_Table.FreeQty; Transaction_ReturnItemBody_Table.FreeQty,Exact/alias match exists in currently integrated ERP tables.
Item Body,Free Packages,FILLABLE_FROM_CURRENT_ERP_TABLES,HIGH,Transaction_ItemBody_Table.FreePackages,PreviousYear_POSSales_Table.FreePackages; Transaction_ItemBody_Table.FreePackages; Transaction_ItemBody1_Table.FreePackages; Transaction_ReturnItemBody_Table.FreePackages,Exact/alias match exists in currently integrated ERP tables.
Item Body,Broken,REQUIRES_NEW_FIELD_OR_TABLE,LOW,,,No exact/alias match in script.sql columns.
Item Body,Broken Packages,REQUIRES_NEW_FIELD_OR_TABLE,LOW,,,No exact/alias match in script.sql columns.
Item Body,CF,FILLABLE_FROM_CURRENT_ERP_TABLES,HIGH,Transaction_ItemBody_Table.CCF,AssetSale_ItemBody_Table.CF; DeliveryPackingListDetails_Table.CF; LastYearInformation_Body_Table.CF; Transaction_ItemBody_Table.CCF; Transaction_ItemBody1_Table.CCF,Exact/alias match exists in currently integrated ERP tables.
Item Body,BaseUnitQty,FILLABLE_FROM_CURRENT_ERP_TABLES,HIGH,Transaction_ItemBody_Table.QuantityInBasUOM; Transaction_ItemBody_Table.Quantity,AssetSale_ItemBody_Table.BaseUnitQty; DeliveryPackingListDetails_Table.BaseUnitQty; LastYearInformation_Body_Table.BaseUnitQty; PreviousYear_POSSales_Table.QuantityInBasUOM; Transaction_ItemBody_Table.QuantityInBasUOM; Transaction_ItemBody1_Table.QuantityInBasUOM; Transaction_ReturnItemBody_Table.QuantityInBasUOM; ApparelPhysicalStockUpdate_ItemBody_Table.Quantity; AssetAllotmentDetails_Table.Quantity; Assets_ComponentDetails_Table.Quantity; Assets_PuttoUseDetails_Table.quantity; AssetSale_ItemBody_Table.Quantity,Exact/alias match exists in currently integrated ERP tables.
Item Body,Incl Rate,FILLABLE_FROM_CURRENT_ERP_TABLES,HIGH,Transaction_ItemBody_Table.inclrate,PreviousYear_POSSales_Table.inclrate; Transaction_ItemBody_Table.inclrate; Transaction_ItemBody1_Table.inclrate,Exact/alias match exists in currently integrated ERP tables.
Item Body,StkQty,FILLABLE_FROM_CURRENT_ERP_TABLES,HIGH,Transaction_ItemBody_Table.StkQty,PreviousYear_POSSales_Table.StkQty; Transaction_ItemBody_Table.StkQty; Transaction_ItemBody1_Table.StkQty,Exact/alias match exists in currently integrated ERP tables.
Item Body,Disc Rate,FILLABLE_FROM_CURRENT_ERP_TABLES,HIGH,Transaction_ItemBody_Table.DiscRate,AssetSale_ItemBody_Table.DiscRate; CoverNoteItemDetails_Table.DiscRate; PreviousYear_POSSales_Table.DiscRate; RoomCheckinDetails_Table.DiscRate; RoomReservationDetails_Table.DiscRate; SaudaItemDetails_Table.DiscRate; ServiceBooking_ItemBody_Table.DiscRate; Transaction_ItemBody_Table.DiscRate; Transaction_ItemBody1_Table.DiscRate; Transaction_ReturnItemBody_Table.DiscRate,Exact/alias match exists in currently integrated ERP tables.
Item Body,Discount,FILLABLE_FROM_CURRENT_ERP_TABLES,HIGH,Transaction_ItemBody_Table.Discount; Transaction_Payments_Table.Discount,AssetSale_ItemBody_Table.Discount; CoverNoteItemDetails_Table.Discount; DayEnd_Header_Table.Discount; FeeReceivedDetails_table.Discount; KOT_CancellationOrBill_Table.Discount; LRBooking_ItemDetails_Table.Discount; Master_Prices_Table.Discount; Master_UnitWisePrices_Table.Discount; PendingDetails_Table.Discount; PendingDetails_Table_202210121.Discount; PermitDetails_Table.Discount; PreviousYear_POSSales_Table.Discount,Exact/alias match exists in currently integrated ERP tables.
Item Body,AddlDiscRate,FILLABLE_FROM_CURRENT_ERP_TABLES,HIGH,Transaction_ItemBody_Table.AddlDiscRate,PreviousYear_POSSales_Table.AddlDiscRate; Transaction_ItemBody_Table.AddlDiscRate; Transaction_ItemBody1_Table.AddlDiscRate; Transaction_ReturnItemBody_Table.AddlDiscRate,Exact/alias match exists in currently integrated ERP tables.
Item Body,AddlDisc,FILLABLE_FROM_CURRENT_ERP_TABLES,HIGH,Transaction_ItemBody_Table.AddlDisc,PreviousYear_POSSales_Table.AddlDisc; Transaction_ItemBody_Table.AddlDisc; Transaction_ItemBody1_Table.AddlDisc; Transaction_ReturnItemBody_Table.AddlDisc,Exact/alias match exists in currently integrated ERP tables.
Item Body,TotalDisc,FILLABLE_FROM_CURRENT_ERP_TABLES,HIGH,Transaction_ItemBody_Table.TotalDisc,PreviousYear_POSSales_Table.TotalDisc; Transaction_ItemBody_Table.TotalDisc; Transaction_ItemBody1_Table.TotalDisc; Transaction_ReturnItemBody_Table.TotalDisc,Exact/alias match exists in currently integrated ERP tables.
Item Body,GrossMinusDisc,FILLABLE_FROM_CURRENT_ERP_TABLES,HIGH,Transaction_ItemBody_Table.GrossMinusDisc; Transaction_Payments_Table.GrossMinusDisc,CoverNoteItemDetails_Table.GrossMinusDisc; PreviousYear_POSSales_Table.GrossMinusDisc; SaudaItemDetails_Table.GrossMinusDisc; ServiceBooking_ItemBody_Table.GrossMinusDisc; Transaction_BodyTaxes_Table.GrossMinusDisc; Transaction_ItemBody_Table.GrossMinusDisc; Transaction_ItemBody1_Table.GrossMinusDisc; Transaction_Payments_Table.GrossMinusDisc; Transaction_PDC_Table.GrossMinusDisc; Transaction_ReturnItemBody_Table.GrossMinusDisc,Exact/alias match exists in currently integrated ERP tables.
Item Body,AssessableValue,FILLABLE_WITH_SCHEMA_EXTENSIONS,MEDIUM,,Transaction_BodyTaxes_Table.AssessableValue,Match exists in script.sql but outside current connector table scope.
Item Body,ServiceTaxRate,FILLABLE_WITH_SCHEMA_EXTENSIONS,MEDIUM,,Transaction_Adjustments_Table.ServiceTaxRate; Transaction_BodyTaxes_Table.ServiceTaxRate,Match exists in script.sql but outside current connector table scope.
Item Body,ServiceTax,FILLABLE_WITH_SCHEMA_EXTENSIONS,MEDIUM,,Transaction_Adjustments_Table.ServiceTax; Transaction_BodyTaxes_Table.ServiceTax,Match exists in script.sql but outside current connector table scope.
Item Body,BEDRate,FILLABLE_WITH_SCHEMA_EXTENSIONS,MEDIUM,,Transaction_BodyTaxes_Table.BEDRate,Match exists in script.sql but outside current connector table scope.
Item Body,BED,FILLABLE_WITH_SCHEMA_EXTENSIONS,MEDIUM,,Transaction_BodyTaxes_Table.BED,Match exists in script.sql but outside current connector table scope.
Item Body,EdCessRate,FILLABLE_WITH_SCHEMA_EXTENSIONS,MEDIUM,,Transaction_Adjustments_Table.EdCessRate; Transaction_BodyTaxes_Table.EDCessRate,Match exists in script.sql but outside current connector table scope.
Item Body,EdCess,FILLABLE_WITH_SCHEMA_EXTENSIONS,MEDIUM,,Transaction_Adjustments_Table.EdCess; Transaction_BodyTaxes_Table.EDCess,Match exists in script.sql but outside current connector table scope.
Item Body,SHEdCessRate,FILLABLE_WITH_SCHEMA_EXTENSIONS,MEDIUM,,Transaction_Adjustments_Table.SHEdCessRate; Transaction_BodyTaxes_Table.SHEDCessRate,Match exists in script.sql but outside current connector table scope.
Item Body,SHEdCess,FILLABLE_WITH_SCHEMA_EXTENSIONS,MEDIUM,,Transaction_Adjustments_Table.SHEdCess; Transaction_BodyTaxes_Table.SHEDCess,Match exists in script.sql but outside current connector table scope.
Item Body,ImportFeeRate,FILLABLE_WITH_SCHEMA_EXTENSIONS,MEDIUM,,Transaction_BodyTaxes_Table.ImportFeeRate,Match exists in script.sql but outside current connector table scope.
Item Body,ImportFee,FILLABLE_WITH_SCHEMA_EXTENSIONS,MEDIUM,,PermitDetails_Table.ImportFee; Transaction_BodyTaxes_Table.ImportFee,Match exists in script.sql but outside current connector table scope.
Item Body,TotalServiceTax,FILLABLE_FROM_CURRENT_ERP_TABLES,HIGH,Transaction_Header_Table.TotalServiceTax,PreviousYear_POSPartyDetails_Table.TotalServiceTax; Transaction_BodyTaxes_Table.TotalServiceTax; Transaction_Header_Table.TotalServiceTax,Exact/alias match exists in currently integrated ERP tables.
Item Body,Excise,FILLABLE_FROM_CURRENT_ERP_TABLES,HIGH,Transaction_ItemBody_Table.Excise,AssetSale_ItemBody_Table.Excise; CompanyDetails_Table.Excise; PreviousYear_POSSales_Table.Excise; Transaction_BodyTaxes_Table.Excise; Transaction_ItemBody_Table.Excise; Transaction_ItemBody1_Table.Excise; Transaction_ReturnItemBody_Table.Excise,Exact/alias match exists in currently integrated ERP tables.
Item Body,CSTRate,FILLABLE_FROM_CURRENT_ERP_TABLES,HIGH,Transaction_ItemBody_Table.CSTRate,Transaction_BodyTaxes_Table.CSTRate; Transaction_ItemBody_Table.CSTRate; Transaction_ItemBody1_Table.CSTRate,Exact/alias match exists in currently integrated ERP tables.
Item Body,CST,FILLABLE_FROM_CURRENT_ERP_TABLES,HIGH,Master_RegistrationDetails_Table.CST; Transaction_ItemBody_Table.CST,CompanyDetails_Table.cst; Master_RegistrationDetails_Table.CST; Transaction_BodyTaxes_Table.CST; Transaction_ItemBody_Table.CST; Transaction_ItemBody1_Table.CST,Exact/alias match exists in currently integrated ERP tables.
Item Body,AddlVATRate,FILLABLE_FROM_CURRENT_ERP_TABLES,HIGH,Transaction_ItemBody_Table.AddlVATRate,Transaction_Adjustments_Table.AddlVATRate; Transaction_BodyTaxes_Table.AddlVATRate; Transaction_ItemBody_Table.AddlVATRate; Transaction_ItemBody1_Table.AddlVATRate,Exact/alias match exists in currently integrated ERP tables.
Item Body,AddlVAT,FILLABLE_FROM_CURRENT_ERP_TABLES,HIGH,Transaction_ItemBody_Table.AddlVAT,Transaction_Adjustments_Table.AddlVAT; Transaction_BodyTaxes_Table.AddlVAT; Transaction_ItemBody_Table.AddlVAT; Transaction_ItemBody1_Table.AddlVAT,Exact/alias match exists in currently integrated ERP tables.
Item Body,ST/VAT,FILLABLE_FROM_CURRENT_ERP_TABLES,HIGH,Transaction_ItemBody_Table.STVAT,AssetSale_ItemBody_Table.STVAT; PreviousYear_POSSales_Table.STVAT; Transaction_ItemBody_Table.STVAT; Transaction_ItemBody1_Table.STVAT; Transaction_ReturnItemBody_Table.STVAT,Exact/alias match exists in currently integrated ERP tables.
Item Body,Addl Cost Account,FILLABLE_WITH_SCHEMA_EXTENSIONS,MEDIUM,,Transaction_BodyAdditionalColumns_Table.addlcostaccount,Match exists in script.sql but outside current connector table scope.
Item Body,Addl Cost,FILLABLE_WITH_SCHEMA_EXTENSIONS,MEDIUM,,Transaction_BodyAdditionalColumns_Table.addlcost,Match exists in script.sql but outside current connector table scope.
Item Body,Division,FILLABLE_FROM_CURRENT_ERP_TABLES,HIGH,Transaction_ItemBody_Table.Division; Transaction_Payments_Table.Division,AssetSale_AdjustmentsBody_Table.Division; AssetSale_ItemBody_Table.Division; AssetStockLedger_Table.Division; BudgetDetails_Table.Division; Company_Details_Table.Division; CompanyDetails_Table.division; deleteddutydrawback.Division; ledbak2118.Division; Ledger_Table.Division; LedgerAccErr.Division; obbca.Division; obstodelete.Division,Exact/alias match exists in currently integrated ERP tables.
Item Body,Project,FILLABLE_FROM_CURRENT_ERP_TABLES,HIGH,Transaction_ItemBody_Table.Project; Transaction_Payments_Table.Project,AssetSale_AdjustmentsBody_Table.Project; AssetSale_ItemBody_Table.Project; AssetStockLedger_Table.Project; BudgetDetails_Table.Project; deleteddutydrawback.Project; ledbak2118.Project; Ledger_Table.Project; LedgerAccErr.Project; obbca.Project; obstodelete.Project; PreviousYear_POSSales_Table.Project; StockLedger_Table.Project,Exact/alias match exists in currently integrated ERP tables.
Item Body,Profit Centre,FILLABLE_FROM_CURRENT_ERP_TABLES,HIGH,Transaction_ItemBody_Table.ProfitCentre; Transaction_Payments_Table.ProfitCentre,AssetSale_AdjustmentsBody_Table.ProfitCentre; AssetSale_ItemBody_Table.ProfitCentre; AssetStockLedger_Table.ProfitCentre; BudgetDetails_Table.ProfitCentre; deleteddutydrawback.ProfitCentre; ledbak2118.ProfitCentre; Ledger_Table.ProfitCentre; LedgerAccErr.ProfitCentre; obbca.ProfitCentre; obstodelete.ProfitCentre; PreviousYear_POSSales_Table.ProfitCentre; StockLedger_Table.ProfitCentre,Exact/alias match exists in currently integrated ERP tables.
Item Body,Comments1,FILLABLE_FROM_CURRENT_ERP_TABLES,HIGH,Transaction_ItemBody_Table.Comments1; Transaction_Payments_Table.Comments1,AdvanceLicenseDetails_Table.Comments1; AssetAllotmentDetails_Table.Comments1; AssetSale_AdjustmentsBody_Table.Comments1; AssetSale_ItemBody_Table.Comments1; ConsumablesIssuebody_table.Comments1; CoverNoteItemDetails_Table.Comments1; deleteddutydrawback.Comments1; DeliveryPackingListDetails_Table.Comments1; Enquiry_EnquiredProducts_Table.Comments1; EPCGLicenseDetails_Table.Comments1; FillingStationCreditBill_Body_Table.Comments1; FillingStationSummaryBill_Body_Table.Comments1,Exact/alias match exists in currently integrated ERP tables.
Item Body,Comments2,FILLABLE_FROM_CURRENT_ERP_TABLES,HIGH,Transaction_ItemBody_Table.Comments2; Transaction_Payments_Table.Comments2,AdvanceLicenseDetails_Table.Comments2; AssetAllotmentDetails_Table.Comments2; AssetSale_AdjustmentsBody_Table.Comments2; AssetSale_ItemBody_Table.Comments2; ConsumablesIssuebody_table.Comments2; CoverNoteItemDetails_Table.Comments2; deleteddutydrawback.Comments2; DeliveryPackingListDetails_Table.Comments2; Enquiry_EnquiredProducts_Table.Comments2; EPCGLicenseDetails_Table.Comments2; FillingStationCreditBill_Body_Table.Comments2; FillingStationSummaryBill_Body_Table.Comments2,Exact/alias match exists in currently integrated ERP tables.
Item Body,Comments3,FILLABLE_FROM_CURRENT_ERP_TABLES,HIGH,Transaction_ItemBody_Table.Comments3; Transaction_Payments_Table.Comments3,AdvanceLicenseDetails_Table.Comments3; AssetAllotmentDetails_Table.Comments3; AssetSale_AdjustmentsBody_Table.Comments3; AssetSale_ItemBody_Table.Comments3; ConsumablesIssuebody_table.Comments3; CoverNoteItemDetails_Table.Comments3; deleteddutydrawback.Comments3; DeliveryPackingListDetails_Table.Comments3; Enquiry_EnquiredProducts_Table.Comments3; EPCGLicenseDetails_Table.Comments3; FillingStationCreditBill_Body_Table.Comments3; FillingStationSummaryBill_Body_Table.Comments3,Exact/alias match exists in currently integrated ERP tables.
Item Body,Comments4,FILLABLE_FROM_CURRENT_ERP_TABLES,HIGH,Transaction_ItemBody_Table.Comments4; Transaction_Payments_Table.Comments4,AdvanceLicenseDetails_Table.Comments4; AssetAllotmentDetails_Table.Comments4; AssetSale_AdjustmentsBody_Table.Comments4; AssetSale_ItemBody_Table.Comments4; CoverNoteItemDetails_Table.Comments4; deleteddutydrawback.Comments4; DeliveryPackingListDetails_Table.Comments4; Enquiry_EnquiredProducts_Table.Comments4; EPCGLicenseDetails_Table.Comments4; FillingStationCreditBill_Body_Table.Comments4; FillingStationSummaryBill_Body_Table.Comments4; ledbak2118.Comments4,Exact/alias match exists in currently integrated ERP tables.
Item Body,Comments5,FILLABLE_FROM_CURRENT_ERP_TABLES,HIGH,Transaction_ItemBody_Table.Comments5; Transaction_Payments_Table.Comments5,AdvanceLicenseDetails_Table.Comments5; AssetAllotmentDetails_Table.Comments5; AssetSale_AdjustmentsBody_Table.Comments5; AssetSale_ItemBody_Table.Comments5; CoverNoteItemDetails_Table.Comments5; deleteddutydrawback.Comments5; DeliveryPackingListDetails_Table.Comments5; Enquiry_EnquiredProducts_Table.Comments5; EPCGLicenseDetails_Table.Comments5; FillingStationCreditBill_Body_Table.Comments5; FillingStationSummaryBill_Body_Table.Comments5; ledbak2118.Comments5,Exact/alias match exists in currently integrated ERP tables.
Item Body,Location,FILLABLE_FROM_CURRENT_ERP_TABLES,HIGH,Transaction_Header_Table.Location; Transaction_ItemBody_Table.Location,Apparel_ReorderLevels_Table.Location; AssetBookDepreciation_Header_Table.Location; Assets_GenerateAssetIdsDetails_Table.Location; AssetStockLedger_Table.Location; AssetTaxDepreciation_Header_Table.Location; AssetTypeIDGenerationDetails_Table.Location; DeliveryPackingListDetails_Table.Location; Employee_PaydetailsBySimplePaystructure_Table.Location; Employee_SimplePaystructureDetails_Table.Location; EmployeeAttendanceDetails_Table.Location; LastYearInformation_Header_Table.Location; Master_Balance_table.Location,Exact/alias match exists in currently integrated ERP tables.
Item Body,Serial Nos,REQUIRES_NEW_FIELD_OR_TABLE,LOW,,,No exact/alias match in script.sql columns.
Item Body,Tax Adj,FILLABLE_FROM_CURRENT_ERP_TABLES,HIGH,Transaction_ItemBody_Table.TaxAdj,Transaction_BodyTaxes_Table.TaxAdj; Transaction_ItemBody_Table.TaxAdj; Transaction_ItemBody1_Table.TaxAdj,Exact/alias match exists in currently integrated ERP tables.
Item Body,Freight,FILLABLE_FROM_CURRENT_ERP_TABLES,HIGH,Transaction_ItemBody_Table.Freight,PermitDetails_Table.Freight; Transaction_ItemBody_Table.Freight,Exact/alias match exists in currently integrated ERP tables.
Item Body,Other Chgs,REQUIRES_NEW_FIELD_OR_TABLE,LOW,,,No exact/alias match in script.sql columns.
Item Body,Batch,FILLABLE_FROM_CURRENT_ERP_TABLES,HIGH,Transaction_ItemBody_Table.Batch,ApplicationForm_Header_Table.Batch; AssetStockLedger_Table.Batch; pkgRates.Batch; PreviousYear_POSSales_Table.Batch; StockLedger_Table.Batch; Transaction_ItemBody_Table.Batch; Transaction_ItemBody1_Table.Batch; Transaction_ReturnItemBody_Table.Batch,Exact/alias match exists in currently integrated ERP tables.
Header,Exchange Rate,FILLABLE_FROM_CURRENT_ERP_TABLES,HIGH,Transaction_Header_Table.ExchangeRate; Transaction_ItemBody_Table.ExchangeRate; Transaction_Payments_Table.ExchangeRate,BillWiseBalances2020.ExchangeRate; billwiseOpeningBalances.ExchangeRate; deleteddutydrawback.ExchangeRate; ExchangeRateDetails_Table.ExchangeRate; LastYearCreditorBalances.ExchangeRate; ledbak2118.ExchangeRate; Ledger_Table.ExchangeRate; LedgerAccErr.ExchangeRate; obbca.ExchangeRate; obstodelete.ExchangeRate; OldYearCreditorsBillWiseBalances.ExchangeRate; PreviousYear_POSPartyDetails_Table.ExchangeRate,Exact/alias match exists in currently integrated ERP tables.
Header,Get Advance,REQUIRES_NEW_FIELD_OR_TABLE,LOW,,,No exact/alias match in script.sql columns.
Header,Adv Set Off,REQUIRES_NEW_FIELD_OR_TABLE,LOW,,,No exact/alias match in script.sql columns.
Header,Taxes,FILLABLE_FROM_CURRENT_ERP_TABLES,HIGH,Transaction_Header_Table.Taxes,AssetSale_Header_Table.Taxes; Master_Preferences_Table.Taxes; Master_Preferences_Tablebak.Taxes; PreviousYear_POSPartyDetails_Table.Taxes; ServiceBooking_Header_Table.Taxes; TaxClass_Taxes_Table.Taxes; Taxes_TaxComponents_Table.Taxes; Transaction_Header_Table.Taxes,Exact/alias match exists in currently integrated ERP tables.
Header,Price List,FILLABLE_FROM_CURRENT_ERP_TABLES,HIGH,Transaction_Header_Table.PriceList,AssetSale_Header_Table.PriceList; Master_Preferences_Table.PriceList; Master_Preferences_Tablebak.PriceList; Master_Prices_Table.PriceList; Master_UnitWisePrices_Table.PriceList; PreviousYear_POSPartyDetails_Table.PriceList; Pricelist_Rate_table.PriceList; Transaction_Header_Table.PriceList,Exact/alias match exists in currently integrated ERP tables.
Header,Fill Order Details,REQUIRES_NEW_FIELD_OR_TABLE,LOW,,,No exact/alias match in script.sql columns.
Header,MR VNo,REQUIRES_NEW_FIELD_OR_TABLE,LOW,,,No exact/alias match in script.sql columns.
Header,Fill MR Details,REQUIRES_NEW_FIELD_OR_TABLE,LOW,,,No exact/alias match in script.sql columns.
Header,Fill Item Body,REQUIRES_NEW_FIELD_OR_TABLE,LOW,,,No exact/alias match in script.sql columns.
Header,Fill Adjustments,REQUIRES_NEW_FIELD_OR_TABLE,LOW,,,No exact/alias match in script.sql columns.
Header,Agent,FILLABLE_FROM_CURRENT_ERP_TABLES,HIGH,Transaction_Header_Table.Agent,PreviousYear_POSPartyDetails_Table.Agent; Transaction_Header_Table.Agent,Exact/alias match exists in currently integrated ERP tables.
Header,Courier Details,REQUIRES_NEW_FIELD_OR_TABLE,LOW,,,No exact/alias match in script.sql columns.
Header,Transporter,FILLABLE_FROM_CURRENT_ERP_TABLES,HIGH,Transaction_Header_Table.Transporter,Master_Preferences_Table.Transporter; Master_Preferences_Tablebak.Transporter; PreviousYear_POSPartyDetails_Table.Transporter; Transaction_Header_Table.Transporter; TripsheetDetails_Table.Transporter; UnloadingSheetDetails_Table.Transporter,Exact/alias match exists in currently integrated ERP tables.
Header,Vehicle No,FILLABLE_FROM_CURRENT_ERP_TABLES,HIGH,Transaction_Header_Table.VehicleNo; Transaction_ItemBody_Table.VehicleNo,FillingStationSummaryBill_Body_Table.VehicleNo; PermitDetails_Table.VehicleNo; PreviousYear_POSPartyDetails_Table.VehicleNo; PreviousYear_POSSales_Table.VehicleNo; Transaction_EWBDetails_Table.VehicleNo; Transaction_ExecutiveTimeSheet_Table.VehicleNo; Transaction_Header_Table.VehicleNo; Transaction_ItemBody_Table.VehicleNo; Transaction_ItemBody1_Table.VehicleNo; Transaction_ReturnItemBody_Table.VehicleNo; Transaction_ServiceHeader_Table.VehicleNo; vehicle_insurance_table.VehicleNo,Exact/alias match exists in currently integrated ERP tables.
Header,Vehicle Type,FILLABLE_FROM_CURRENT_ERP_TABLES,HIGH,Transaction_Header_Table.VehicleType,PreviousYear_POSPartyDetails_Table.VehicleType; TirePutOff_Header_Table.VehicleType; TirePutOn_Header_Table.VehicleType; Transaction_Header_Table.VehicleType; TripsheetDetails_Table.VehicleType; UnloadingSheetDetails_Table.VehicleType,Exact/alias match exists in currently integrated ERP tables.
Header,LR No,FILLABLE_FROM_CURRENT_ERP_TABLES,HIGH,Transaction_Header_Table.LRNo,LRBillDetails_Table.LRNo; LRReceiptDetails_Table.LRNo; PreviousYear_POSPartyDetails_Table.LRNo; Transaction_AdditionalCharges_Table.LRNo; Transaction_EWBDetails_Table.LRNo; Transaction_Header_Table.LRNo; Tripsheet_ItemDetails_Table.LRNo; UnloadingSheet_ItemDetails_Table.LRNo,Exact/alias match exists in currently integrated ERP tables.
Header,LR Date,FILLABLE_FROM_CURRENT_ERP_TABLES,HIGH,Transaction_Header_Table.LRDate,LRReceiptDetails_Table.LRDate; PreviousYear_POSPartyDetails_Table.LRDate; Transaction_AdditionalCharges_Table.LRDate; Transaction_EWBDetails_Table.LRDate; Transaction_Header_Table.LRDate,Exact/alias match exists in currently integrated ERP tables.
Header,Ref VoucherSeries,FILLABLE_FROM_CURRENT_ERP_TABLES,HIGH,Transaction_Header_Table.ReferenceVoucherSeries,AssetSale_Reference_Table.RefVoucherSeries; BillWiseBalances2020.ReferenceVoucherSeries; billwiseOpeningBalances.ReferenceVoucherSeries; LastYearCreditorBalances.ReferenceVoucherSeries; PreviousYear_POSPartyDetails_Table.ReferenceVoucherSeries; temp_adjbillspay.ReferenceVoucherSeries; Transaction_Header_Table.ReferenceVoucherSeries,Exact/alias match exists in currently integrated ERP tables.
Header,Party Ref Date,FILLABLE_FROM_CURRENT_ERP_TABLES,HIGH,Transaction_Header_Table.PartyRefDocDate; Transaction_Payments_Table.SupplierInvDate,AssetSale_Reference_Table.PartyRefDate; LastYearCreditorBalances.PartyRefDocDate; PreviousYear_POSPartyDetails_Table.PartyRefDocDate; temp_adjbillspay.PartyRefDocDate; Transaction_Header_Table.PartyRefDocDate; OldYearCreditorsBillWiseBalances.SupplierInvDate; Transaction_Payments_Table.SupplierInvDate,Exact/alias match exists in currently integrated ERP tables.
Header,ServiceTaxAccount,FILLABLE_WITH_SCHEMA_EXTENSIONS,MEDIUM,,TaxConfigurationDetails_Table.TaxAccount,Match exists in script.sql but outside current connector table scope.
Header,BEDAccount,REQUIRES_NEW_FIELD_OR_TABLE,LOW,,,No exact/alias match in script.sql columns.
Header,EdCessAccount,REQUIRES_NEW_FIELD_OR_TABLE,LOW,,,No exact/alias match in script.sql columns.
Header,SHEdCessAccount,REQUIRES_NEW_FIELD_OR_TABLE,LOW,,,No exact/alias match in script.sql columns.
Header,ImportDutyAccount,REQUIRES_NEW_FIELD_OR_TABLE,LOW,,,No exact/alias match in script.sql columns.
Header,CSTAccount,FILLABLE_WITH_SCHEMA_EXTENSIONS,MEDIUM,,TaxConfigurationDetails_Table.TaxAccount,Match exists in script.sql but outside current connector table scope.
Header,VATAccount,FILLABLE_WITH_SCHEMA_EXTENSIONS,MEDIUM,,TaxConfigurationDetails_Table.TaxAccount,Match exists in script.sql but outside current connector table scope.
Header,AddlVATAccount,REQUIRES_NEW_FIELD_OR_TABLE,LOW,,,No exact/alias match in script.sql columns.
Header,CGSTAccount,FILLABLE_FROM_CURRENT_ERP_TABLES,HIGH,Transaction_Header_Table.CGSTAccount,Transaction_Header_Table.CGSTAccount; TaxConfigurationDetails_Table.TaxAccount,Exact/alias match exists in currently integrated ERP tables.
Header,SGSTAccount,FILLABLE_FROM_CURRENT_ERP_TABLES,HIGH,Transaction_Header_Table.SGSTAccount,Transaction_Header_Table.SGSTAccount; TaxConfigurationDetails_Table.TaxAccount,Exact/alias match exists in currently integrated ERP tables.
Header,IGSTAccount,FILLABLE_FROM_CURRENT_ERP_TABLES,HIGH,Transaction_Header_Table.IGSTAccount,Transaction_Header_Table.IGSTAccount; TaxConfigurationDetails_Table.TaxAccount,Exact/alias match exists in currently integrated ERP tables.
Header,TCS Payable Ac,FILLABLE_FROM_CURRENT_ERP_TABLES,HIGH,Transaction_Header_Table.TCSPayableAc,TCS_STRUCTUREDETAILS_TABLE.TCSPayableAc; Transaction_Header_Table.TCSPayableAc; Transaction_TCSDetails_Table.TCSPayableAc,Exact/alias match exists in currently integrated ERP tables.
Header,Transport Amount,FILLABLE_FROM_CURRENT_ERP_TABLES,HIGH,Transaction_Header_Table.TransportAmount,Transaction_Header_Table.TransportAmount,Exact/alias match exists in currently integrated ERP tables.
Summary,Total Packages,FILLABLE_FROM_CURRENT_ERP_TABLES,HIGH,Transaction_Header_Table.TotalPackages,Transaction_Header_Table.TotalPackages,Exact/alias match exists in currently integrated ERP tables.
Summary,Total Broken,REQUIRES_NEW_FIELD_OR_TABLE,LOW,,,No exact/alias match in script.sql columns.
Summary,Total Broken Packages,REQUIRES_NEW_FIELD_OR_TABLE,LOW,,,No exact/alias match in script.sql columns.
Summary,Total Discount,FILLABLE_FROM_CURRENT_ERP_TABLES,HIGH,Transaction_Header_Table.TotalDiscount,AssetSale_Summary_Table.TotalDiscount; CoverNoteHeaderDetails_Table.TotalDiscount; LRBookingDetails_Table.TotalDiscount; PreviousYear_POSPartyDetails_Table.TotalDiscount; SaudaHeaderDetails_Table.TotalDiscount; ServiceBooking_Header_Table.TotalDiscount; Transaction_Header_Table.TotalDiscount; UserHandoverHeaderDetails_Table.TotalDiscount,Exact/alias match exists in currently integrated ERP tables.
Summary,Total GrossMinusDisc,FILLABLE_WITH_SCHEMA_EXTENSIONS,MEDIUM,,CoverNoteHeaderDetails_Table.TotalGrossMinusDisc; SaudaHeaderDetails_Table.TotalGrossMinusDisc,Match exists in script.sql but outside current connector table scope.
Summary,Total Other Chgs,REQUIRES_NEW_FIELD_OR_TABLE,LOW,,,No exact/alias match in script.sql columns.
Summary,Total Service Tax,FILLABLE_FROM_CURRENT_ERP_TABLES,HIGH,Transaction_Header_Table.TotalServiceTax,PreviousYear_POSPartyDetails_Table.TotalServiceTax; Transaction_BodyTaxes_Table.TotalServiceTax; Transaction_Header_Table.TotalServiceTax,Exact/alias match exists in currently integrated ERP tables.
Summary,Total Excise,FILLABLE_FROM_CURRENT_ERP_TABLES,HIGH,Transaction_Header_Table.TotalExcise,AssetSale_Summary_Table.TotalExcise; PreviousYear_POSPartyDetails_Table.TotalExcise; Transaction_Header_Table.TotalExcise,Exact/alias match exists in currently integrated ERP tables.
Summary,Total Import Fee,REQUIRES_NEW_FIELD_OR_TABLE,LOW,,,No exact/alias match in script.sql columns.
Summary,Total CST,REQUIRES_NEW_FIELD_OR_TABLE,LOW,,,No exact/alias match in script.sql columns.
Summary,Total ST/VAT,FILLABLE_FROM_CURRENT_ERP_TABLES,HIGH,Transaction_Header_Table.TotalSTVAT,AssetSale_Summary_Table.TotalSTVAT; PreviousYear_POSPartyDetails_Table.TotalSTVAT; Transaction_Header_Table.TotalSTVAT,Exact/alias match exists in currently integrated ERP tables.
Summary,Total Freight,FILLABLE_FROM_CURRENT_ERP_TABLES,HIGH,Transaction_Header_Table.TotalFreight,Transaction_Header_Table.TotalFreight,Exact/alias match exists in currently integrated ERP tables.
Summary,Total Tax Adj,REQUIRES_NEW_FIELD_OR_TABLE,LOW,,,No exact/alias match in script.sql columns.
Summary,Total Add,FILLABLE_FROM_CURRENT_ERP_TABLES,HIGH,Transaction_Header_Table.TotalAdd,AssetSale_Summary_Table.TotalAdd; PreviousYear_POSPartyDetails_Table.TotalAdd; ServiceBooking_Header_Table.TotalAdd; Transaction_Adjustments_Table.TotalAdd; Transaction_Header_Table.TotalAdd,Exact/alias match exists in currently integrated ERP tables.
Summary,Total Less,FILLABLE_FROM_CURRENT_ERP_TABLES,HIGH,Transaction_Header_Table.TotalLess,AssetSale_Summary_Table.TotalLess; PreviousYear_POSPartyDetails_Table.TotalLess; Transaction_Adjustments_Table.TotalLess; Transaction_Header_Table.TotalLess,Exact/alias match exists in currently integrated ERP tables.
Summary,Round Off Account,REQUIRES_NEW_FIELD_OR_TABLE,LOW,,,No exact/alias match in script.sql columns.
Summary,Round off,FILLABLE_FROM_CURRENT_ERP_TABLES,HIGH,Transaction_Header_Table.roundoff,PreviousYear_POSPartyDetails_Table.roundoff; ProductMarginDetails_Table.Roundoff; Transaction_Header_Table.roundoff,Exact/alias match exists in currently integrated ERP tables.
Summary,Round off Dr,FILLABLE_FROM_CURRENT_ERP_TABLES,HIGH,Transaction_Header_Table.roundoffDr,PreviousYear_POSPartyDetails_Table.roundoffDr; Transaction_Header_Table.roundoffDr,Exact/alias match exists in currently integrated ERP tables.
Summary,Round off Cr,FILLABLE_FROM_CURRENT_ERP_TABLES,HIGH,Transaction_Header_Table.roundoffCr,PreviousYear_POSPartyDetails_Table.roundoffCr; Transaction_Header_Table.roundoffCr,Exact/alias match exists in currently integrated ERP tables.
Summary,Taxable Advance,REQUIRES_NEW_FIELD_OR_TABLE,LOW,,,No exact/alias match in script.sql columns.
Summary,LedgerCrBalance,REQUIRES_NEW_FIELD_OR_TABLE,LOW,,,No exact/alias match in script.sql columns.
Summary,TDS Nature,FILLABLE_FROM_CURRENT_ERP_TABLES,HIGH,Transaction_Payments_Table.TDSNature,Transaction_Adjustments_Table.TDSNature; Transaction_Payments_Table.TDSNature; Transaction_TDSDeductionProcess_Table.TDSNature; Transaction_TDSDetails_Table.TDSNature,Exact/alias match exists in currently integrated ERP tables.
Summary,TDS Account,FILLABLE_FROM_CURRENT_ERP_TABLES,HIGH,Transaction_Payments_Table.TDSAccount,TDS_TDSNaturePropertyDetails_Table.TDSAccount; Transaction_Adjustments_Table.TDSAccount; Transaction_Payments_Table.TDSAccount; Transaction_TDSDetails_Table.TDSAccount,Exact/alias match exists in currently integrated ERP tables.
Summary,TDS Rate,FILLABLE_FROM_CURRENT_ERP_TABLES,HIGH,Transaction_Payments_Table.TDSRate,TDS_TDSNaturePropertyDetails_Table.TDSRate; Transaction_Adjustments_Table.TDSRate; Transaction_Payments_Table.TDSRate; Transaction_TDSDetails_Table.TDSRate,Exact/alias match exists in currently integrated ERP tables.
Summary,TDS Amount,FILLABLE_FROM_CURRENT_ERP_TABLES,HIGH,Transaction_Payments_Table.TDSAmount,Transaction_Adjustments_Table.TDSAmount; Transaction_Payments_Table.TDSAmount; Transaction_TDSDetails_Table.TDSAmount,Exact/alias match exists in currently integrated ERP tables.
Summary,TCS Rate,FILLABLE_WITH_SCHEMA_EXTENSIONS,MEDIUM,,TCS_STRUCTUREDETAILS_TABLE.TCSRate; Transaction_TCSDetails_Table.TCSRate,Match exists in script.sql but outside current connector table scope.
Summary,TCS Amount,FILLABLE_WITH_SCHEMA_EXTENSIONS,MEDIUM,,Transaction_TCSDetails_Table.TCSAmount,Match exists in script.sql but outside current connector table scope.
Summary,Advance Amount,FILLABLE_FROM_CURRENT_ERP_TABLES,HIGH,Transaction_Header_Table.AdvanceAmount,RoomCheckinDetails_Table.AdvanceAmount; RoomReservationDetails_Table.AdvanceAmount; ServiceBooking_Header_Table.AdvanceAmount; Transaction_Header_Table.AdvanceAmount,Exact/alias match exists in currently integrated ERP tables.
Summary,Amount Paid,FILLABLE_FROM_CURRENT_ERP_TABLES,HIGH,Transaction_Header_Table.AmountPaid; Transaction_Payments_Table.AmountPaid,AssetSale_Summary_Table.AmountPaid; PreviousYear_POSPartyDetails_Table.AmountPaid; ServiceBooking_Header_Table.AmountPaid; Transaction_Header_Table.AmountPaid; Transaction_Payments_Table.AmountPaid; Transaction_PDC_Table.AmountPaid,Exact/alias match exists in currently integrated ERP tables.
Summary,PendingName,FILLABLE_WITH_SCHEMA_EXTENSIONS,MEDIUM,,PendingDetails_Table.PendingName; PendingDetails_Table_202210121.PendingName; Transaction_Adjustments_Table.PendingName,Match exists in script.sql but outside current connector table scope.
Summary,PendingNo,FILLABLE_FROM_CURRENT_ERP_TABLES,HIGH,Transaction_Header_Table.PendingNo; Transaction_Payments_Table.PendingNo,KOT_ItemBodyDetails_Table.PendingNo; PendingAdjustedDetails_Table.PendingNo; PendingAdjustedDetails_Tablebak.PendingNo; PendingDetails_Table.PendingNo; PendingDetails_Table_202210121.PendingNo; PreviousYear_POSPartyDetails_Table.PendingNo; siddivinayakaadjustments.PendingNo; temp_adjbills.PendingNo; temp_adjbillspay.PendingNo; Transaction_Header_Table.PendingNo; Transaction_Payments_Table.PendingNo,Exact/alias match exists in currently integrated ERP tables.
Summary,PendingValue,FILLABLE_FROM_CURRENT_ERP_TABLES,HIGH,Transaction_Header_Table.PendingValue,PendingDetails_Table.PendingValue; PendingDetails_Table_202210121.PendingValue; temp_adjbills.PendingValue; temp_adjbillspay.PendingValue; Transaction_Header_Table.PendingValue,Exact/alias match exists in currently integrated ERP tables.
Advance Set Off Body,Sno,FILLABLE_FROM_CURRENT_ERP_TABLES,HIGH,Master_MasterCodes_Table.VoucherLineNo; Master_RegistrationDetails_Table.VoucherLineNo; Master_Table.VoucherLineNo; Transaction_Header_Table.VoucherLineNo; Transaction_ItemBody_Table.VoucherLineNo; Transaction_Payments_Table.VoucherLineNo,OpeningUnClearedCheques.Sno; recbleforemail.Sno; Sheet$.S No; StockBalances2023.S No; StockBalances2023.SNO; temp_adjbills.SNO; temp_adjbillspay.SNO; temp_bcd_table.Sno; TempAllocatedDetailsBody_Table.Sno; tempsproduct.Sno; AcadamicYearDetails_Table.VoucherLineNo; Account_AccountGroup_Table.VoucherLineNo,Exact/alias match exists in currently integrated ERP tables.
Advance Set Off Body,rid,FILLABLE_FROM_CURRENT_ERP_TABLES,HIGH,Transaction_ItemBody_Table.RID; Transaction_Payments_Table.rid,AssetStockLedger_Table.RID; BillWiseBalances2020.Rid; billwiseOpeningBalances.Rid; ConsumablesIssuebody_table.RID; deleteddutydrawback.RID; DeliveryPackingListDetails_Table.Rid; Diagnos_DiagnosticTestResults_Table.RID; Diagnos_InvestigationReceiptDetails_Table.RID; FeeReceivableDetails_table.rid; FillingStationCreditBill_Body_Table.rid; FillingStationSummaryBill_Body_Table.Rid; InspectionServiceCall_MachineDetails_Table.rid,Exact/alias match exists in currently integrated ERP tables.
Advance Set Off Body,tvrid,FILLABLE_FROM_CURRENT_ERP_TABLES,HIGH,Transaction_ItemBody_Table.TVRID,ConsumablesIssuebody_table.TVRID; DeliveryPackingListDetails_Table.TVRid; Diagnos_DiagnosticTestResults_Table.TVRID; Diagnos_InvestigationReceiptDetails_Table.TVRID; FeeReceivedDetails_table.tvrid; FillingStationSummaryBill_Body_Table.tvrid; InspectionServiceCall_MachineDetails_Table.tvrid; IssuestoProduction_ItemBody_Table.TVRID; PackingDetails_ItemBody_Table.TVRid; PreviousYear_POSSales_Table.TVRID; TailorOrderAllocationOrDeliveryDetails_Table.TVrid; TempAllocatedDetailsBody_Table.TVRid,Exact/alias match exists in currently integrated ERP tables.
Advance Set Off Body,Towards Vno,FILLABLE_FROM_CURRENT_ERP_TABLES,HIGH,Transaction_Payments_Table.TowardsVNo,ConsumablesIssuebody_table.TowardsVno; InspectionServiceCall_MachineDetails_Table.TowardsVno; IssuestoProduction_Header_Table.TowardsVNo; ReceiptsfromProduction_Header_Table.TowardsVNo; TailorOrderAllocationOrDeliveryDetails_Table.TowardsVno; temp_adjbills.TowardsVNo; temp_adjbillspay.TowardsVNo; Transaction_AdditionalCharges_Table.TowardsVno; Transaction_Adjustments_Table.TowardsVNo; Transaction_CloseServiceCallDetails_Table.TowardsVNo; Transaction_ExchangeDifferenceDetails_Table.TowardsVno; Transaction_ExchangeDifferenceDetails_Table1.TowardsVno,Exact/alias match exists in currently integrated ERP tables.
Advance Set Off Body,Amount,FILLABLE_FROM_CURRENT_ERP_TABLES,HIGH,EFIMRDetailsTable.AMOUNT; Transaction_Payments_Table.Amount,ApplicationDetails_Table.Amount; Assets_ComponentDetails_Table.Amount; AssetSale_PaymentsBody_Table.Amount; BillwiseSalesManCommission_Table.Amount; BudgetDetails_Table.Amount; Class_FeeBody_Table.Amount; ConsumablesIssuebody_table.Amount; Diagnos_InvestigationReceiptDetails_Table.Amount; EFIMRDetailsTable.AMOUNT; EmployeeAdhocComponentDetails_Table.Amount; EmployeePayslipDetails_Table.Amount; FeeReceivableDetails_table.Amount,Exact/alias match exists in currently integrated ERP tables.
Advance Set Off Body,Amount Adjusted,REQUIRES_NEW_FIELD_OR_TABLE,LOW,,,No exact/alias match in script.sql columns.
Advance Set Off Body,Source Exchange Rate,FILLABLE_FROM_CURRENT_ERP_TABLES,HIGH,Transaction_Header_Table.ExchangeRate; Transaction_ItemBody_Table.ExchangeRate; Transaction_Payments_Table.ExchangeRate,Transaction_ExchangeDifferenceDetails_Table.SourceExchangeRate; Transaction_ExchangeDifferenceDetails_Table1.SourceExchangeRate; BillWiseBalances2020.ExchangeRate; billwiseOpeningBalances.ExchangeRate; deleteddutydrawback.ExchangeRate; ExchangeRateDetails_Table.ExchangeRate; LastYearCreditorBalances.ExchangeRate; ledbak2118.ExchangeRate; Ledger_Table.ExchangeRate; LedgerAccErr.ExchangeRate; obbca.ExchangeRate; obstodelete.ExchangeRate,Exact/alias match exists in currently integrated ERP tables.
Advance Set Off Body,Exchange Account,FILLABLE_WITH_SCHEMA_EXTENSIONS,MEDIUM,,Transaction_ExchangeDifferenceDetails_Table.ExchangeAccount; Transaction_ExchangeDifferenceDetails_Table1.ExchangeAccount,Match exists in script.sql but outside current connector table scope.
Advance Set Off Body,Exchange Amt,REQUIRES_NEW_FIELD_OR_TABLE,LOW,,,No exact/alias match in script.sql columns.
Advance Set Off Body,Exchange Loss,FILLABLE_WITH_SCHEMA_EXTENSIONS,MEDIUM,,Transaction_ExchangeDifferenceDetails_Table.ExchangeLoss; Transaction_ExchangeDifferenceDetails_Table1.ExchangeLoss,Match exists in script.sql but outside current connector table scope.
Advance Set Off Body,Exchange Gain,FILLABLE_WITH_SCHEMA_EXTENSIONS,MEDIUM,,Transaction_ExchangeDifferenceDetails_Table.ExchangeGain; Transaction_ExchangeDifferenceDetails_Table1.ExchangeGain,Match exists in script.sql but outside current connector table scope.
Voucher,VSeries,REQUIRES_NEW_FIELD_OR_TABLE,LOW,,,No exact/alias match in script.sql columns.
Voucher,VoucherSeries,FILLABLE_FROM_CURRENT_ERP_TABLES,HIGH,Master_MasterCodes_Table.VoucherSeries; Master_RegistrationDetails_Table.VoucherSeries; Master_Table.VoucherSeries; Transaction_Header_Table.VoucherSeries; Transaction_ItemBody_Table.VoucherSeries; Transaction_Payments_Table.VoucherSeries; VoucherDetails_Table.VoucherSeries,AcadamicYearDetails_Table.VoucherSeries; Account_AccountGroup_Table.VoucherSeries; AccountingPeriod_Status_Table.VoucherSeries; AdvanceLicenseDetails_Table.VoucherSeries; An_CurrentStatus.VoucherSeries; An_SendMessage.VoucherSeries; Apparel_ReorderLevels_Table.VoucherSeries; ApparelPhysicalStockCheckedItems_Table.VoucherSeries; ApparelPhysicalStockUpdate_Barcode_Table.VoucherSeries; ApparelPhysicalStockUpdate_Header_Table.VoucherSeries; ApparelPhysicalStockUpdate_ItemBody_Table.VoucherSeries; ApplicationDetails_Table.VoucherSeries,Exact/alias match exists in currently integrated ERP tables.
Voucher,VoucherNo,FILLABLE_FROM_CURRENT_ERP_TABLES,HIGH,Master_MasterCodes_Table.VoucherNo; Master_RegistrationDetails_Table.VoucherNo; Master_Table.VoucherNo; Transaction_Header_Table.VoucherNo; Transaction_ItemBody_Table.VoucherNo; Transaction_Payments_Table.VoucherNo; VoucherDetails_Table.VoucherNo,AcadamicYearDetails_Table.VoucherNo; Account_AccountGroup_Table.VoucherNo; AccountingPeriod_Status_Table.VoucherNo; AdvanceLicenseDetails_Table.VoucherNo; An_CurrentStatus.VoucherNo; An_SendMessage.VoucherNo; Apparel_ReorderLevels_Table.VoucherNo; ApparelPhysicalStockCheckedItems_Table.VoucherNo; ApparelPhysicalStockUpdate_Barcode_Table.VoucherNo; ApparelPhysicalStockUpdate_Header_Table.VoucherNo; ApparelPhysicalStockUpdate_ItemBody_Table.VoucherNo; ApplicationDetails_Table.VoucherNo,Exact/alias match exists in currently integrated ERP tables.
Voucher,VoucherId,FILLABLE_FROM_CURRENT_ERP_TABLES,HIGH,Transaction_Header_Table.voucherid,PreviousYear_POSPartyDetails_Table.voucherid; TempTransactionsSlnosBody_Table.VoucherId; TIB_SchemeBenefits.VoucherID; Transaction_Header_Table.voucherid; TransactionsSlnosBody_Table.VoucherId,Exact/alias match exists in currently integrated ERP tables.
Voucher,crid,REQUIRES_NEW_FIELD_OR_TABLE,LOW,,,No exact/alias match in script.sql columns.
Voucher,crqty,REQUIRES_NEW_FIELD_OR_TABLE,LOW,,,No exact/alias match in script.sql columns.
Voucher,Authorisation Status,FILLABLE_WITH_SCHEMA_EXTENSIONS,MEDIUM,,AuthorisationStatusDetails_Table.authorisationstatus,Match exists in script.sql but outside current connector table scope.
Adjustments Body,Sno,FILLABLE_FROM_CURRENT_ERP_TABLES,HIGH,Master_MasterCodes_Table.VoucherLineNo; Master_RegistrationDetails_Table.VoucherLineNo; Master_Table.VoucherLineNo; Transaction_Header_Table.VoucherLineNo; Transaction_ItemBody_Table.VoucherLineNo; Transaction_Payments_Table.VoucherLineNo,OpeningUnClearedCheques.Sno; recbleforemail.Sno; Sheet$.S No; StockBalances2023.S No; StockBalances2023.SNO; temp_adjbills.SNO; temp_adjbillspay.SNO; temp_bcd_table.Sno; TempAllocatedDetailsBody_Table.Sno; tempsproduct.Sno; AcadamicYearDetails_Table.VoucherLineNo; Account_AccountGroup_Table.VoucherLineNo,Exact/alias match exists in currently integrated ERP tables.
Adjustments Body,Account,FILLABLE_FROM_CURRENT_ERP_TABLES,HIGH,Transaction_Header_Table.Account; Transaction_Payments_Table.PartyAccount; Transaction_Payments_Table.PaymentAccount,AssetSale_AdjustmentsBody_Table.Account; AssetSale_Reference_Table.Account; BillWiseBalances2020.Account; billwiseOpeningBalances.Account; BudgetDetails_Table.Account; deleteddutydrawback.Account; Diagnos_TransHeader_Table.Account; FeeReceivableDetails_table.Account; FeeReceivedDetails_table.Account; LastYearCreditorBalances.Account; ledbak2118.Account; Ledger_Table.Account,Exact/alias match exists in currently integrated ERP tables.
Adjustments Body,Add,REQUIRES_NEW_FIELD_OR_TABLE,LOW,,,No exact/alias match in script.sql columns.
Adjustments Body,Less,FILLABLE_WITH_SCHEMA_EXTENSIONS,MEDIUM,,AssetSale_AdjustmentsBody_Table.Less,Match exists in script.sql but outside current connector table scope.
Adjustments Body,ServiceTaxRate,FILLABLE_WITH_SCHEMA_EXTENSIONS,MEDIUM,,Transaction_Adjustments_Table.ServiceTaxRate; Transaction_BodyTaxes_Table.ServiceTaxRate,Match exists in script.sql but outside current connector table scope.
Adjustments Body,ServiceTax,FILLABLE_WITH_SCHEMA_EXTENSIONS,MEDIUM,,Transaction_Adjustments_Table.ServiceTax; Transaction_BodyTaxes_Table.ServiceTax,Match exists in script.sql but outside current connector table scope.
Adjustments Body,AddServiceTax,FILLABLE_WITH_SCHEMA_EXTENSIONS,MEDIUM,,Transaction_Adjustments_Table.AddServiceTax,Match exists in script.sql but outside current connector table scope.
Adjustments Body,LessServiceTax,FILLABLE_WITH_SCHEMA_EXTENSIONS,MEDIUM,,Transaction_Adjustments_Table.LessServiceTax,Match exists in script.sql but outside current connector table scope.
Adjustments Body,EdCessRate,FILLABLE_WITH_SCHEMA_EXTENSIONS,MEDIUM,,Transaction_Adjustments_Table.EdCessRate; Transaction_BodyTaxes_Table.EDCessRate,Match exists in script.sql but outside current connector table scope.
Adjustments Body,EdCess,FILLABLE_WITH_SCHEMA_EXTENSIONS,MEDIUM,,Transaction_Adjustments_Table.EdCess; Transaction_BodyTaxes_Table.EDCess,Match exists in script.sql but outside current connector table scope.
Adjustments Body,AddEdCess,FILLABLE_WITH_SCHEMA_EXTENSIONS,MEDIUM,,Transaction_Adjustments_Table.AddEdCess,Match exists in script.sql but outside current connector table scope.
Adjustments Body,LessEdCess,FILLABLE_WITH_SCHEMA_EXTENSIONS,MEDIUM,,Transaction_Adjustments_Table.LessEdCess,Match exists in script.sql but outside current connector table scope.
Adjustments Body,SHEdCessRate,FILLABLE_WITH_SCHEMA_EXTENSIONS,MEDIUM,,Transaction_Adjustments_Table.SHEdCessRate; Transaction_BodyTaxes_Table.SHEDCessRate,Match exists in script.sql but outside current connector table scope.
Adjustments Body,SHEdCess,FILLABLE_WITH_SCHEMA_EXTENSIONS,MEDIUM,,Transaction_Adjustments_Table.SHEdCess; Transaction_BodyTaxes_Table.SHEDCess,Match exists in script.sql but outside current connector table scope.
Adjustments Body,AddSHEdCess,FILLABLE_WITH_SCHEMA_EXTENSIONS,MEDIUM,,Transaction_Adjustments_Table.AddSHEdCess,Match exists in script.sql but outside current connector table scope.
Adjustments Body,LessSHEdCess,FILLABLE_WITH_SCHEMA_EXTENSIONS,MEDIUM,,Transaction_Adjustments_Table.LessSHEdCess,Match exists in script.sql but outside current connector table scope.
Adjustments Body,VATRate,FILLABLE_FROM_CURRENT_ERP_TABLES,HIGH,Transaction_ItemBody_Table.VATRate; Transaction_Payments_Table.VATRate,Transaction_Adjustments_Table.VATRate; Transaction_BodyTaxes_Table.VATRate; Transaction_ItemBody_Table.VATRate; Transaction_ItemBody1_Table.VATRate; Transaction_Payments_Table.VATRate; Transaction_PDC_Table.VATRate,Exact/alias match exists in currently integrated ERP tables.
Adjustments Body,VAT,FILLABLE_FROM_CURRENT_ERP_TABLES,HIGH,Transaction_ItemBody_Table.VAT,Transaction_Adjustments_Table.VAT; Transaction_BodyTaxes_Table.VAT; Transaction_ItemBody_Table.VAT; Transaction_ItemBody1_Table.VAT,Exact/alias match exists in currently integrated ERP tables.
Adjustments Body,AddVAT,FILLABLE_WITH_SCHEMA_EXTENSIONS,MEDIUM,,Transaction_Adjustments_Table.AddVAT,Match exists in script.sql but outside current connector table scope.
Adjustments Body,LessVAT,FILLABLE_WITH_SCHEMA_EXTENSIONS,MEDIUM,,Transaction_Adjustments_Table.LessVAT,Match exists in script.sql but outside current connector table scope.
Adjustments Body,TotalAdd,FILLABLE_FROM_CURRENT_ERP_TABLES,HIGH,Transaction_Header_Table.TotalAdd,AssetSale_Summary_Table.TotalAdd; PreviousYear_POSPartyDetails_Table.TotalAdd; ServiceBooking_Header_Table.TotalAdd; Transaction_Adjustments_Table.TotalAdd; Transaction_Header_Table.TotalAdd,Exact/alias match exists in currently integrated ERP tables.
Adjustments Body,TotalLess,FILLABLE_FROM_CURRENT_ERP_TABLES,HIGH,Transaction_Header_Table.TotalLess,AssetSale_Summary_Table.TotalLess; PreviousYear_POSPartyDetails_Table.TotalLess; Transaction_Adjustments_Table.TotalLess; Transaction_Header_Table.TotalLess,Exact/alias match exists in currently integrated ERP tables.
Adjustments Body,Department,FILLABLE_FROM_CURRENT_ERP_TABLES,HIGH,Transaction_ItemBody_Table.Department; Transaction_Payments_Table.Department,AssetSale_AdjustmentsBody_Table.Department; AssetSale_ItemBody_Table.Department; AssetStockLedger_Table.Department; BudgetDetails_Table.Department; deleteddutydrawback.Department; Employee_PaydetailsBySimplePaystructure_Table.Department; Employee_SimplePaystructureDetails_Table.Department; EmployeeEmploymentInfo_Table.Department; ledbak2118.Department; Ledger_Table.Department; LedgerAccErr.Department; obbca.Department,Exact/alias match exists in currently integrated ERP tables.
Adjustments Body,Division,FILLABLE_FROM_CURRENT_ERP_TABLES,HIGH,Transaction_ItemBody_Table.Division; Transaction_Payments_Table.Division,AssetSale_AdjustmentsBody_Table.Division; AssetSale_ItemBody_Table.Division; AssetStockLedger_Table.Division; BudgetDetails_Table.Division; Company_Details_Table.Division; CompanyDetails_Table.division; deleteddutydrawback.Division; ledbak2118.Division; Ledger_Table.Division; LedgerAccErr.Division; obbca.Division; obstodelete.Division,Exact/alias match exists in currently integrated ERP tables.
Adjustments Body,Project,FILLABLE_FROM_CURRENT_ERP_TABLES,HIGH,Transaction_ItemBody_Table.Project; Transaction_Payments_Table.Project,AssetSale_AdjustmentsBody_Table.Project; AssetSale_ItemBody_Table.Project; AssetStockLedger_Table.Project; BudgetDetails_Table.Project; deleteddutydrawback.Project; ledbak2118.Project; Ledger_Table.Project; LedgerAccErr.Project; obbca.Project; obstodelete.Project; PreviousYear_POSSales_Table.Project; StockLedger_Table.Project,Exact/alias match exists in currently integrated ERP tables.
Adjustments Body,Profit Centre,FILLABLE_FROM_CURRENT_ERP_TABLES,HIGH,Transaction_ItemBody_Table.ProfitCentre; Transaction_Payments_Table.ProfitCentre,AssetSale_AdjustmentsBody_Table.ProfitCentre; AssetSale_ItemBody_Table.ProfitCentre; AssetStockLedger_Table.ProfitCentre; BudgetDetails_Table.ProfitCentre; deleteddutydrawback.ProfitCentre; ledbak2118.ProfitCentre; Ledger_Table.ProfitCentre; LedgerAccErr.ProfitCentre; obbca.ProfitCentre; obstodelete.ProfitCentre; PreviousYear_POSSales_Table.ProfitCentre; StockLedger_Table.ProfitCentre,Exact/alias match exists in currently integrated ERP tables.
Adjustments Body,Cost Centre,FILLABLE_FROM_CURRENT_ERP_TABLES,HIGH,Transaction_ItemBody_Table.CostCentre; Transaction_Payments_Table.CostCentre,AssetSale_AdjustmentsBody_Table.CostCentre; AssetSale_ItemBody_Table.CostCentre; AssetStockLedger_Table.CostCentre; BudgetDetails_Table.CostCentre; deleteddutydrawback.CostCentre; ledbak2118.CostCentre; Ledger_Table.CostCentre; LedgerAccErr.CostCentre; obbca.CostCentre; obstodelete.CostCentre; PreviousYear_POSSales_Table.CostCentre; StockLedger_Table.CostCentre,Exact/alias match exists in currently integrated ERP tables.
Adjustments Body,Comments1,FILLABLE_FROM_CURRENT_ERP_TABLES,HIGH,Transaction_ItemBody_Table.Comments1; Transaction_Payments_Table.Comments1,AdvanceLicenseDetails_Table.Comments1; AssetAllotmentDetails_Table.Comments1; AssetSale_AdjustmentsBody_Table.Comments1; AssetSale_ItemBody_Table.Comments1; ConsumablesIssuebody_table.Comments1; CoverNoteItemDetails_Table.Comments1; deleteddutydrawback.Comments1; DeliveryPackingListDetails_Table.Comments1; Enquiry_EnquiredProducts_Table.Comments1; EPCGLicenseDetails_Table.Comments1; FillingStationCreditBill_Body_Table.Comments1; FillingStationSummaryBill_Body_Table.Comments1,Exact/alias match exists in currently integrated ERP tables.
Adjustments Body,Comments2,FILLABLE_FROM_CURRENT_ERP_TABLES,HIGH,Transaction_ItemBody_Table.Comments2; Transaction_Payments_Table.Comments2,AdvanceLicenseDetails_Table.Comments2; AssetAllotmentDetails_Table.Comments2; AssetSale_AdjustmentsBody_Table.Comments2; AssetSale_ItemBody_Table.Comments2; ConsumablesIssuebody_table.Comments2; CoverNoteItemDetails_Table.Comments2; deleteddutydrawback.Comments2; DeliveryPackingListDetails_Table.Comments2; Enquiry_EnquiredProducts_Table.Comments2; EPCGLicenseDetails_Table.Comments2; FillingStationCreditBill_Body_Table.Comments2; FillingStationSummaryBill_Body_Table.Comments2,Exact/alias match exists in currently integrated ERP tables.
Adjustments Body,Comments3,FILLABLE_FROM_CURRENT_ERP_TABLES,HIGH,Transaction_ItemBody_Table.Comments3; Transaction_Payments_Table.Comments3,AdvanceLicenseDetails_Table.Comments3; AssetAllotmentDetails_Table.Comments3; AssetSale_AdjustmentsBody_Table.Comments3; AssetSale_ItemBody_Table.Comments3; ConsumablesIssuebody_table.Comments3; CoverNoteItemDetails_Table.Comments3; deleteddutydrawback.Comments3; DeliveryPackingListDetails_Table.Comments3; Enquiry_EnquiredProducts_Table.Comments3; EPCGLicenseDetails_Table.Comments3; FillingStationCreditBill_Body_Table.Comments3; FillingStationSummaryBill_Body_Table.Comments3,Exact/alias match exists in currently integrated ERP tables.
Adjustments Body,Comments4,FILLABLE_FROM_CURRENT_ERP_TABLES,HIGH,Transaction_ItemBody_Table.Comments4; Transaction_Payments_Table.Comments4,AdvanceLicenseDetails_Table.Comments4; AssetAllotmentDetails_Table.Comments4; AssetSale_AdjustmentsBody_Table.Comments4; AssetSale_ItemBody_Table.Comments4; CoverNoteItemDetails_Table.Comments4; deleteddutydrawback.Comments4; DeliveryPackingListDetails_Table.Comments4; Enquiry_EnquiredProducts_Table.Comments4; EPCGLicenseDetails_Table.Comments4; FillingStationCreditBill_Body_Table.Comments4; FillingStationSummaryBill_Body_Table.Comments4; ledbak2118.Comments4,Exact/alias match exists in currently integrated ERP tables.
Adjustments Body,Comments5,FILLABLE_FROM_CURRENT_ERP_TABLES,HIGH,Transaction_ItemBody_Table.Comments5; Transaction_Payments_Table.Comments5,AdvanceLicenseDetails_Table.Comments5; AssetAllotmentDetails_Table.Comments5; AssetSale_AdjustmentsBody_Table.Comments5; AssetSale_ItemBody_Table.Comments5; CoverNoteItemDetails_Table.Comments5; deleteddutydrawback.Comments5; DeliveryPackingListDetails_Table.Comments5; Enquiry_EnquiredProducts_Table.Comments5; EPCGLicenseDetails_Table.Comments5; FillingStationCreditBill_Body_Table.Comments5; FillingStationSummaryBill_Body_Table.Comments5; ledbak2118.Comments5,Exact/alias match exists in currently integrated ERP tables.
Adjustments Body,IGSTRate,FILLABLE_FROM_CURRENT_ERP_TABLES,HIGH,Transaction_ItemBody_Table.IGSTRate; Transaction_Payments_Table.IGSTRate,CoverNoteItemDetails_Table.IGSTRate; PreviousYear_POSSales_Table.IGSTRate; SaudaItemDetails_Table.IGSTRate; ServiceBooking_ItemBody_Table.IGSTRate; ServiceBooking_LabourChargesBody_Table.IGSTRate; Transaction_Adjustments_Table.IGSTRate; Transaction_BodyTaxes_Table.IGSTRate; Transaction_ItemBody_Table.IGSTRate; Transaction_ItemBody1_Table.IGSTRate; Transaction_Payments_Table.IGSTRate; Transaction_ReturnItemBody_Table.IGSTRate,Exact/alias match exists in currently integrated ERP tables.
Adjustments Body,CGSTRate,FILLABLE_FROM_CURRENT_ERP_TABLES,HIGH,Transaction_ItemBody_Table.CGSTRate; Transaction_Payments_Table.CGSTRate,CoverNoteItemDetails_Table.CGSTRate; PreviousYear_POSSales_Table.CGSTRate; SaudaItemDetails_Table.CGSTRate; ServiceBooking_ItemBody_Table.CGSTRate; ServiceBooking_LabourChargesBody_Table.CGSTRate; Transaction_Adjustments_Table.CGSTRate; Transaction_BodyTaxes_Table.CGSTRate; Transaction_ItemBody_Table.CGSTRate; Transaction_ItemBody1_Table.CGSTRate; Transaction_Payments_Table.CGSTRate; Transaction_ReturnItemBody_Table.CGSTRate,Exact/alias match exists in currently integrated ERP tables.
Adjustments Body,SGSTRate,FILLABLE_FROM_CURRENT_ERP_TABLES,HIGH,Transaction_ItemBody_Table.SGSTRate; Transaction_Payments_Table.SGSTRate,CoverNoteItemDetails_Table.SGSTRate; PreviousYear_POSSales_Table.SGSTRate; SaudaItemDetails_Table.SGSTRate; ServiceBooking_ItemBody_Table.SGSTRate; ServiceBooking_LabourChargesBody_Table.SGSTRate; Transaction_Adjustments_Table.SGSTRate; Transaction_BodyTaxes_Table.SGSTRate; Transaction_ItemBody_Table.SGSTRate; Transaction_ItemBody1_Table.SGSTRate; Transaction_Payments_Table.SGSTRate; Transaction_ReturnItemBody_Table.SGSTRate,Exact/alias match exists in currently integrated ERP tables.
Adjustments Body,ADDIGST,FILLABLE_WITH_SCHEMA_EXTENSIONS,MEDIUM,,Transaction_Adjustments_Table.AddIGST,Match exists in script.sql but outside current connector table scope.
Adjustments Body,ADDCGST,FILLABLE_WITH_SCHEMA_EXTENSIONS,MEDIUM,,Transaction_Adjustments_Table.AddCGST,Match exists in script.sql but outside current connector table scope.
Adjustments Body,ADDSGST,FILLABLE_WITH_SCHEMA_EXTENSIONS,MEDIUM,,Transaction_Adjustments_Table.AddSGST,Match exists in script.sql but outside current connector table scope.
Adjustments Body,LessIGST,FILLABLE_WITH_SCHEMA_EXTENSIONS,MEDIUM,,Transaction_Adjustments_Table.LessIGST,Match exists in script.sql but outside current connector table scope.
Adjustments Body,LessCGST,FILLABLE_WITH_SCHEMA_EXTENSIONS,MEDIUM,,Transaction_Adjustments_Table.LessCGST,Match exists in script.sql but outside current connector table scope.
Adjustments Body,LessSGST,FILLABLE_WITH_SCHEMA_EXTENSIONS,MEDIUM,,Transaction_Adjustments_Table.LessSGST,Match exists in script.sql but outside current connector table scope.
Payments Body,Sno,FILLABLE_FROM_CURRENT_ERP_TABLES,HIGH,Master_MasterCodes_Table.VoucherLineNo; Master_RegistrationDetails_Table.VoucherLineNo; Master_Table.VoucherLineNo; Transaction_Header_Table.VoucherLineNo; Transaction_ItemBody_Table.VoucherLineNo; Transaction_Payments_Table.VoucherLineNo,OpeningUnClearedCheques.Sno; recbleforemail.Sno; Sheet$.S No; StockBalances2023.S No; StockBalances2023.SNO; temp_adjbills.SNO; temp_adjbillspay.SNO; temp_bcd_table.Sno; TempAllocatedDetailsBody_Table.Sno; tempsproduct.Sno; AcadamicYearDetails_Table.VoucherLineNo; Account_AccountGroup_Table.VoucherLineNo,Exact/alias match exists in currently integrated ERP tables.
Payments Body,Payment Method,FILLABLE_FROM_CURRENT_ERP_TABLES,HIGH,Transaction_Payments_Table.PaymentMethod,AssetSale_PaymentsBody_Table.PaymentMethod; FeeReceivedDiscountDetails_table.PaymentMethod; Transaction_NonInventoryBody.PaymentMethod; Transaction_Payments_Table.PaymentMethod; Transaction_PDC_Table.PaymentMethod,Exact/alias match exists in currently integrated ERP tables.
Payments Body,Cash/Bank Account,FILLABLE_FROM_CURRENT_ERP_TABLES,HIGH,Transaction_Payments_Table.PaymentAccount,AssetSale_PaymentsBody_Table.CashBankAccount; FeeReceivedDiscountDetails_table.PaymentAccount; RoomAdditionalAdvanceDetails_Table.PaymentAccount; RoomCheckinDetails_Table.PaymentAccount; RoomReservationDetails_Table.PaymentAccount; Transaction_Payments_Table.PaymentAccount; Transaction_PDC_Table.PaymentAccount,Exact/alias match exists in currently integrated ERP tables.
Payments Body,Amount,FILLABLE_FROM_CURRENT_ERP_TABLES,HIGH,EFIMRDetailsTable.AMOUNT; Transaction_Payments_Table.Amount,ApplicationDetails_Table.Amount; Assets_ComponentDetails_Table.Amount; AssetSale_PaymentsBody_Table.Amount; BillwiseSalesManCommission_Table.Amount; BudgetDetails_Table.Amount; Class_FeeBody_Table.Amount; ConsumablesIssuebody_table.Amount; Diagnos_InvestigationReceiptDetails_Table.Amount; EFIMRDetailsTable.AMOUNT; EmployeeAdhocComponentDetails_Table.Amount; EmployeePayslipDetails_Table.Amount; FeeReceivableDetails_table.Amount,Exact/alias match exists in currently integrated ERP tables.
Payments Body,Instrument Type,FILLABLE_FROM_CURRENT_ERP_TABLES,HIGH,Transaction_Payments_Table.InstrumentType,AssetSale_PaymentsBody_Table.InstrumentType; Transaction_Payments_Table.InstrumentType; Transaction_PDC_Table.InstrumentType,Exact/alias match exists in currently integrated ERP tables.
Payments Body,Instrument No,FILLABLE_FROM_CURRENT_ERP_TABLES,HIGH,Transaction_Payments_Table.InstrumentNo,AssetSale_PaymentsBody_Table.InstrumentNo; ChequeStatusDetails_Table.InstrumentNo; OpeningUnClearedCheques.InstrumentNo; TenderDocuments_DocumentDetails_Table.InstrumentNo; Transaction_Payments_Table.InstrumentNo; Transaction_PDC_Table.InstrumentNo,Exact/alias match exists in currently integrated ERP tables.
Payments Body,Instrument Date,FILLABLE_FROM_CURRENT_ERP_TABLES,HIGH,Transaction_Payments_Table.InstrumentDate,AssetSale_PaymentsBody_Table.InstrumentDate; ChequeStatusDetails_Table.InstrumentDate; OpeningUnClearedCheques.InstrumentDate; Transaction_Payments_Table.InstrumentDate; Transaction_PDC_Table.InstrumentDate,Exact/alias match exists in currently integrated ERP tables.
Payments Body,Instrument Details,FILLABLE_FROM_CURRENT_ERP_TABLES,HIGH,Transaction_Payments_Table.InstrumentDetails,AssetSale_PaymentsBody_Table.InstrumentDetails; OpeningUnClearedCheques.InstrumentDetails; Transaction_Payments_Table.InstrumentDetails; Transaction_PDC_Table.InstrumentDetails,Exact/alias match exists in currently integrated ERP tables.
Reference,Ref VoucherSeries,FILLABLE_FROM_CURRENT_ERP_TABLES,HIGH,Transaction_Header_Table.ReferenceVoucherSeries,AssetSale_Reference_Table.RefVoucherSeries; BillWiseBalances2020.ReferenceVoucherSeries; billwiseOpeningBalances.ReferenceVoucherSeries; LastYearCreditorBalances.ReferenceVoucherSeries; PreviousYear_POSPartyDetails_Table.ReferenceVoucherSeries; temp_adjbillspay.ReferenceVoucherSeries; Transaction_Header_Table.ReferenceVoucherSeries,Exact/alias match exists in currently integrated ERP tables.
Other Info,Other Info1,FILLABLE_FROM_CURRENT_ERP_TABLES,HIGH,Transaction_Header_Table.OtherInfo1,AssetSale_OtherInfo_Table.OtherInfo1; ClosingReading_OtherInfo_Table.OtherInfo1; Master_PersonalInfo_Table.OtherInfo1; OpeningReading_OtherInfo_Table.OtherInfo1; PreviousYear_POSPartyDetails_Table.OtherInfo1; Transaction_Header_Table.OtherInfo1,Exact/alias match exists in currently integrated ERP tables.
Other Info,Other Info2,FILLABLE_FROM_CURRENT_ERP_TABLES,HIGH,Transaction_Header_Table.OtherInfo2,AssetSale_OtherInfo_Table.OtherInfo2; ClosingReading_OtherInfo_Table.OtherInfo2; Master_PersonalInfo_Table.OtherInfo2; OpeningReading_OtherInfo_Table.OtherInfo2; PreviousYear_POSPartyDetails_Table.OtherInfo2; Transaction_Header_Table.OtherInfo2,Exact/alias match exists in currently integrated ERP tables.
Other Info,Other Info3,FILLABLE_FROM_CURRENT_ERP_TABLES,HIGH,Transaction_Header_Table.OtherInfo3,AssetSale_OtherInfo_Table.OtherInfo3; ClosingReading_OtherInfo_Table.OtherInfo3; Master_PersonalInfo_Table.OtherInfo3; OpeningReading_OtherInfo_Table.OtherInfo3; PreviousYear_POSPartyDetails_Table.OtherInfo3; Transaction_Header_Table.OtherInfo3,Exact/alias match exists in currently integrated ERP tables.
Other Info,Other Info4,FILLABLE_FROM_CURRENT_ERP_TABLES,HIGH,Transaction_Header_Table.OtherInfo4,AssetSale_OtherInfo_Table.OtherInfo4; ClosingReading_OtherInfo_Table.OtherInfo4; Master_PersonalInfo_Table.OtherInfo4; OpeningReading_OtherInfo_Table.OtherInfo4; PreviousYear_POSPartyDetails_Table.OtherInfo4; Transaction_Header_Table.OtherInfo4,Exact/alias match exists in currently integrated ERP tables.
Other Info,Other Info5,FILLABLE_FROM_CURRENT_ERP_TABLES,HIGH,Transaction_Header_Table.OtherInfo5,AssetSale_OtherInfo_Table.OtherInfo5; ClosingReading_OtherInfo_Table.OtherInfo5; Master_PersonalInfo_Table.OtherInfo5; OpeningReading_OtherInfo_Table.OtherInfo5; PreviousYear_POSPartyDetails_Table.OtherInfo5; Transaction_Header_Table.OtherInfo5,Exact/alias match exists in currently integrated ERP tables.
Transaction Details,Branch,FILLABLE_FROM_CURRENT_ERP_TABLES,HIGH,Transaction_Header_Table.Branch,Apparel_ReorderLevels_Table.Branch; AssetBookDepreciation_Header_Table.Branch; Assets_GenerateAssetIdsDetails_Table.Branch; AssetStockLedger_Table.Branch; AssetTaxDepreciation_Header_Table.Branch; AssetTypeIDGenerationDetails_Table.Branch; BarcodeText_Table.Branch; BillWiseBalances2020.Branch; billwiseOpeningBalances.Branch; DayEnd_Header_Table.Branch; deleteddutydrawback.Branch; Employee_PaydetailsBySimplePaystructure_Table.Branch,Exact/alias match exists in currently integrated ERP tables.
Transaction Details,Location,FILLABLE_FROM_CURRENT_ERP_TABLES,HIGH,Transaction_Header_Table.Location; Transaction_ItemBody_Table.Location,Apparel_ReorderLevels_Table.Location; AssetBookDepreciation_Header_Table.Location; Assets_GenerateAssetIdsDetails_Table.Location; AssetStockLedger_Table.Location; AssetTaxDepreciation_Header_Table.Location; AssetTypeIDGenerationDetails_Table.Location; DeliveryPackingListDetails_Table.Location; Employee_PaydetailsBySimplePaystructure_Table.Location; Employee_SimplePaystructureDetails_Table.Location; EmployeeAttendanceDetails_Table.Location; LastYearInformation_Header_Table.Location; Master_Balance_table.Location,Exact/alias match exists in currently integrated ERP tables.
Transaction Details,Location for All,FILLABLE_FROM_CURRENT_ERP_TABLES,HIGH,Transaction_Header_Table.LocationForAll; Transaction_Header_Table.Location; Transaction_ItemBody_Table.Location,PreviousYear_POSPartyDetails_Table.LocationForAll; Transaction_Header_Table.LocationForAll; Apparel_ReorderLevels_Table.Location; AssetBookDepreciation_Header_Table.Location; Assets_GenerateAssetIdsDetails_Table.Location; AssetStockLedger_Table.Location; AssetTaxDepreciation_Header_Table.Location; AssetTypeIDGenerationDetails_Table.Location; DeliveryPackingListDetails_Table.Location; Employee_PaydetailsBySimplePaystructure_Table.Location; Employee_SimplePaystructureDetails_Table.Location; EmployeeAttendanceDetails_Table.Location,Exact/alias match exists in currently integrated ERP tables.
Transaction Details,UserName,FILLABLE_FROM_CURRENT_ERP_TABLES,HIGH,Transaction_Header_Table.UserName,ApplicationSettings_Table.UserName; CS_table.UserName; EmailConfiguration_Table.username; MasterRestrictionDetails_Table.UserName; OtherLayouts_table.UserName; POS_Header_Table.UserName; PreviousYear_POSPartyDetails_Table.UserName; QuickMenuItems_Table.UserName; Report_DefaultOptionValues_Table.username; Report_ReportLayouts_table.UserName; ReportOptionsDefaultValues_Table.UserName; ScheduleEmailConfiguration_Table.username,Exact/alias match exists in currently integrated ERP tables.
Transaction Details,Executive,FILLABLE_FROM_CURRENT_ERP_TABLES,HIGH,Transaction_Header_Table.Executive,AutoCRM_EnquiryFollowUpDetails_Table.Executive; BillWiseBalances2020.Executive; billwiseOpeningBalances.Executive; customerandexecutivetable.Executive; DebtorsAddressToImport.Executive; Exec_Details_Table.Executive; LastYearCreditorBalances.Executive; LastYearInformation_Header_Table.Executive; Master_Preferences_Table.Executive; Master_Preferences_Tablebak.Executive; OldYearCreditorsBillWiseBalances.Executive; PreviousYear_POSPartyDetails_Table.Executive,Exact/alias match exists in currently integrated ERP tables.
